# pxname,svname,qcur,qmax,scur,smax,slim,stot,bin,bout,dreq,dresp,ereq,econ,eresp,wretr,wredis,status,weight,act,bck,chkfail,chkdown,lastchg,downtime,qlimit,pid,iid,sid,throttle,lbtot,tracked,type,rate,rate_lim,rate_max,check_status,check_code,check_duration,hrsp_1xx,hrsp_2xx,hrsp_3xx,hrsp_4xx,hrsp_5xx,hrsp_other,hanafail,req_rate,req_rate_max,req_tot,cli_abrt,srv_abrt,comp_in,comp_out,comp_byp,comp_rsp,lastsess,last_chk,last_agt,qtime,ctime,rtime,ttime,
xxx,FRONTEND,,,543,1972,60000,118366,87148700800,70898556718,0,0,1,,,,,OPEN,,,,,,,,,1,2,0,,,,0,25,0,882,,,,0,7540937,0,10,162,257,,631,4898,7541537,,,0,0,0,0,,,,,,,,
backend_name_1,i-d48bfb5e-hostname1-001,0,0,0,0,33,0,0,0,,0,,0,0,0,0,UP,1,1,0,4,0,15430,0,,1,3,1,,0,,2,0,,0,L7OK,302,0,0,0,0,0,0,0,0,,,,0,0,,,,,-1,Found,,0,0,0,0,
backend_name_1,i-d48bfb5e-hostname1-001-bck,0,0,0,0,33,0,0,0,,0,,0,0,0,0,UP,1,0,1,2,0,15430,0,,1,3,2,,0,,2,0,,0,L7OK,302,1,0,0,0,0,0,0,0,,,,0,0,,,,,-1,Found,,0,0,0,0,
backend_name_1,BACKEND,0,0,0,0,6000,0,0,0,0,0,,0,0,0,0,UP,1,1,1,,0,15430,0,,1,3,0,,0,,1,0,,0,,,,0,0,0,0,0,0,,,,,0,0,0,0,0,0,-1,,,0,0,0,0,
backend_name_2,i-d48bfb5e-hostname1-001,0,0,0,0,33,0,0,0,,0,,0,0,0,0,UP,1,1,0,2,0,15430,0,,1,4,1,,0,,2,0,,0,L7OK,200,0,0,0,0,0,0,0,0,,,,0,0,,,,,-1,OK,,0,0,0,0,
backend_name_2,i-d48bfb5e-hostname1-001-bck,0,0,0,0,33,0,0,0,,0,,0,0,0,0,UP,1,0,1,0,0,15430,0,,1,4,2,,0,,2,0,,0,L7OK,200,0,0,0,0,0,0,0,0,,,,0,0,,,,,-1,OK,,0,0,0,0,
backend_name_2,BACKEND,0,0,0,0,6000,0,0,0,0,0,,0,0,0,0,UP,1,1,1,,0,15430,0,,1,4,0,,0,,1,0,,0,,,,0,0,0,0,0,0,,,,,0,0,0,0,0,0,-1,,,0,0,0,0,
backend_name_3,i-a9edc921-hostname3-001,0,0,0,0,33,0,0,0,,0,,0,0,0,0,UP,1,1,0,0,0,15430,0,,1,5,1,,0,,2,0,,0,L7OK,200,1,0,0,0,0,0,0,0,,,,0,0,,,,,-1,OK,,0,0,0,0,
backend_name_3,i-a9edc921-hostname3-001-bck,0,0,0,0,33,0,0,0,,0,,0,0,0,0,UP,1,0,1,0,0,15430,0,,1,5,2,,0,,2,0,,0,L7OK,200,2,0,0,0,0,0,0,0,,,,0,0,,,,,-1,OK,,0,0,0,0,
backend_name_3,BACKEND,0,0,0,0,6000,0,0,0,0,0,,0,0,0,0,UP,1,1,1,,0,15430,0,,1,5,0,,0,,1,0,,0,,,,0,0,0,0,0,0,,,,,0,0,0,0,0,0,-1,,,0,0,0,0,
backend_name_4,i-06f0488a-hostname4-001,0,0,3,9,15,24282,103223614,872335320,,0,,0,0,10,0,UP,1,1,0,2,0,15430,0,,1,7,1,,24272,,2,0,,89,L7OK,200,1,0,24269,0,0,0,0,0,,,,2,0,,,,,4,OK,,0,0,618,973,
backend_name_4,i-06f0488a-hostname4-001-bck,0,0,0,0,15,0,0,0,,0,,0,0,0,0,UP,1,0,1,1,0,15430,0,,1,7,2,,0,,2,0,,0,L7OK,200,1,0,0,0,0,0,0,0,,,,0,0,,,,,-1,OK,,0,0,0,0,
backend_name_4,i-06f64e8a-hostname4-001,0,0,3,9,15,32054,136988429,1126245592,,0,,0,0,8,0,UP,1,1,0,2,0,15430,0,,1,7,3,,32046,,2,1,,101,L7OK,200,1,0,32042,0,0,0,0,0,,,,1,0,,,,,1,OK,,0,0,940,1197,
backend_name_4,i-06f64e8a-hostname4-001-bck,0,0,0,0,15,0,0,0,,0,,0,0,0,0,UP,1,0,1,1,0,15430,0,,1,7,4,,0,,2,0,,0,L7OK,200,1,0,0,0,0,0,0,0,,,,0,0,,,,,-1,OK,,0,0,0,0,
backend_name_4,BACKEND,0,0,127,339,6000,1256233,5755361345,41347898087,0,0,,1,2,529,6,UP,40,40,40,,0,15430,0,,1,7,0,,1256239,,1,11,,3599,,,,0,1256096,0,9,0,1,,,,,68,3,0,0,0,0,0,,,0,0,397,624,
crossdomain,BACKEND,0,0,0,0,6000,0,0,0,0,0,,0,0,0,0,UP,0,0,0,,0,15430,0,,1,8,0,,0,,1,0,,0,,,,0,0,0,0,0,0,,,,,0,0,0,0,0,0,-1,,,0,0,0,0,
backend_name_5,i-20becaaa-hostname5-001,0,0,0,13,25,72337,945314232,323163654,,0,,3,0,737,14,UP,1,1,0,3,0,15430,0,,1,9,1,,71600,,2,7,,60,L7OK,200,0,0,71583,0,0,0,0,0,,,,0,0,,,,,0,OK,,0,1,24,475,
backend_name_5,i-20becaaa-hostname5-001-bck,0,0,0,0,25,0,0,0,,0,,0,0,0,0,DOWN,1,0,1,3,0,15430,0,,1,9,2,,0,,2,0,,0,L7OK,200,57,0,0,0,0,0,0,0,,,,0,0,,,,,-1,OK,,0,0,0,0,
backend_name_5,i-22cb93aa-hostname5-001,0,0,0,13,25,70990,913177392,302159861,,0,,2,0,678,8,UP,1,1,0,4,0,15430,0,,1,9,3,,70312,,2,6,,69,L7OK,200,1,0,70302,0,0,0,0,0,,,,0,0,,,,,0,OK,,0,1,28,469,
backend_name_5,i-22cb93aa-hostname5-001-bck,0,0,0,0,25,0,0,0,,0,,0,0,0,0,UP,1,0,1,1,0,15430,0,,1,9,4,,0,,2,0,,0,L7OK,200,1,0,0,0,0,0,0,0,,,,0,0,,,,,-1,OK,,0,0,0,0,
backend_name_5,i-23cb93ab-hostname5-001,0,0,0,13,25,70597,907684405,311718656,,0,,5,0,657,14,DOWN,1,1,0,5,0,15430,0,,1,9,5,,69940,,2,6,,60,L7OK,200,1,0,69921,0,0,0,0,0,,,,0,0,,,,,0,OK,,0,1,32,579,
backend_name_5,i-23cb93ab-hostname5-001-bck,0,0,0,0,25,0,0,0,,0,,0,0,0,0,UP,1,0,1,5,0,15430,0,,1,9,6,,0,,2,0,,0,L7OK,200,1,0,0,0,0,0,0,0,,,,0,0,,,,,-1,OK,,0,0,0,0,
backend_name_5,i-27becaad-hostname5-001,0,0,0,13,25,72499,907415783,310849450,,0,,7,0,700,14,UP,1,1,0,0,0,15430,0,,1,9,7,,71799,,2,6,,65,L7OK,200,0,0,71778,0,0,0,0,0,,,,0,0,,,,,0,OK,,0,0,26,569,
backend_name_5,i-27becaad-hostname5-001-bck,0,0,0,0,25,0,0,0,,0,,0,0,0,0,UP,1,0,1,3,0,15430,0,,1,9,8,,0,,2,0,,0,L7OK,200,1,0,0,0,0,0,0,0,,,,0,0,,,,,-1,OK,,0,0,0,0,
backend_name_5,BACKEND,0,0,10,1171,6000,6283717,81392168928,29391671917,0,0,,255,1,61484,1058,UP,89,89,89,,0,15430,0,,1,9,0,,6284775,,1,619,,4835,,,,0,6283451,0,0,0,256,,,,,0,1,0,0,0,0,0,,,0,0,21,354,
backend_name_6,i-45b7c3cf-hostname6-001,0,0,2,3,33,118,70388,30204,,0,,0,6,0,0,DOWN,1,1,0,2,0,15430,0,,1,10,1,,118,,2,0,,1,L7OK,200,0,0,110,0,0,0,0,0,,,,0,0,,,,,186,OK,,0,0,10601,10601,
backend_name_6,i-eed38b66-hostname6-001-bck,0,0,0,0,33,0,0,0,,0,,0,0,0,0,UP,1,0,1,1,0,15430,0,,1,10,8,,0,,2,0,,0,L7OK,200,2,0,0,0,0,0,0,0,,,,0,0,,,,,-1,OK,,0,0,0,0,
backend_name_6,BACKEND,0,0,3,10,6000,466,280943,120628,0,0,,0,25,1,0,UP,4,4,4,,0,15430,0,,1,10,0,,466,,1,0,,2,,,,0,438,0,0,25,0,,,,,0,0,0,0,0,0,186,,,0,1,8399,8401,
backend_name_7,i-0af04886-hostname7-001,0,0,5,8,33,147,128028,11469201,,0,,0,0,0,0,UP,1,1,0,1,1,13925,1499,,1,11,1,,147,,2,0,,1,L7OK,200,2,0,142,0,0,0,0,0,,,,0,0,,,,,46,OK,,0,1,763,1468,
backend_name_7,i-b582f53f-hostname7-001-bck,0,0,0,0,33,0,0,0,,0,,0,0,0,0,UP,1,0,1,0,0,15430,0,,1,11,6,,0,,2,0,,0,L7OK,200,1,0,0,0,0,0,0,0,,,,0,0,,,,,-1,OK,,0,0,0,0,
backend_name_7,BACKEND,0,0,14,23,6000,483,422858,40613550,0,0,,0,0,0,0,UP,3,3,3,,0,15430,0,,1,11,0,,483,,1,0,,3,,,,0,469,0,0,0,0,,,,,0,0,0,0,0,0,46,,,0,4,14212,17051,
backend_name_8,i-00ed558c-hostname8-001,0,0,1,1,33,5,3822,32896,,0,,0,0,0,0,UP,1,1,0,2,0,15430,0,,1,12,1,,5,,2,0,,1,L7OK,200,4,0,4,0,0,0,0,0,,,,0,0,,,,,412,OK,,0,1,3187,3229,
backend_name_8,i-00ed558c-hostname8-001-bck,0,0,0,0,33,0,0,0,,0,,0,0,0,0,DOWN,1,0,1,2,0,15430,0,,1,12,2,,0,,2,0,,0,L7OK,200,1,0,0,0,0,0,0,0,,,,0,0,,,,,-1,OK,,0,0,0,0,
backend_name_8,i-01ed558d-hostname8-001,0,0,0,1,33,4,3816,27618,,0,,0,0,0,0,UP,1,1,0,2,0,15430,0,,1,12,3,,4,,2,0,,1,L7OK,200,1,0,4,0,0,0,0,0,,,,0,0,,,,,2924,OK,,0,1,5150,8321,
backend_name_8,i-01ed558d-hostname8-001-bck,0,0,0,0,33,0,0,0,,0,,0,0,0,0,UP,1,0,1,5,0,15430,0,,1,12,4,,0,,2,0,,0,L7OK,200,1,0,0,0,0,0,0,0,,,,0,0,,,,,-1,OK,,0,0,0,0,
